ID_Clase,NombreClase,Horario,CapacidadMaxima,ID_Instructor
1,Yoga,08:00:00.0000000,20,1
2,Spinning,09:30:00.0000000,15,2
3,CrossFit,10:15:00.0000000,18,3
4,Boxeo,11:00:00.0000000,12,4
5,Yoga,12:30:00.0000000,22,5
6,Spinning,13:15:00.0000000,16,6
7,CrossFit,14:00:00.0000000,20,7
8,Boxeo,15:30:00.0000000,14,8
9,Yoga,16:15:00.0000000,18,9
10,Spinning,17:00:00.0000000,15,10
